{
    "Version": "2012-10-17",
    "Statement": [
      {
        "Effect": "Allow",
        "Action": [
          "autoscaling:DescribeAutoScalingGroups",
          "autoscaling:DescribeAutoScalingInstances",
          "autoscaling:DescribeLaunchConfigurations",
          "autoscaling:DescribeScalingActivities",
          "ec2:DescribeImages",
          "ec2:DescribeInstanceTypes",
          "ec2:DescribeLaunchTemplateVersions",
          "ec2:GetInstanceTypesFromInstanceRequirements",
          "eks:DescribeNodegroup"
        ],
        "Resource": ["*"]
      },
      {
        "Effect": "Allow",
        "Action": [
          "autoscaling:SetDesiredCapacity",
          "autoscaling:TerminateInstanceInAutoScalingGroup"
        ],
        "Resource": ["*"]
      }
    ]
  }