{
    "Version": "2012-10-17",
    "Statement": [
      {
        "Effect": "Allow",
        "Principal": {
          "Federated": "arn:aws:iam::975050024946:oidc-provider/oidc.eks.ap-southeast-1.amazonaws.com/id/7C68A3B114FCED175B6C3877BF4750E7"
        },
        "Action": "sts:AssumeRoleWithWebIdentity",
        "Condition": {
          "StringEquals": {
            "oidc.eks.ap-southeast-1.amazonaws.com/id/7C68A3B114FCED175B6C3877BF4750E7:sub": "system:serviceaccount:kube-system:cluster-autoscaler",
            "oidc.eks.ap-southeast-1.amazonaws.com/id/7C68A3B114FCED175B6C3877BF4750E7:aud": "sts.amazonaws.com"
          }
        }
      }
    ]
  }